CODMUN,longitude,latitude
86573,-74.78343162,-0.185711824
19355,-76.06517264,2.548670821
19364,-76.32439528,2.777646648
19392,-76.76270699,2.179091553
19397,-76.77980449,2.002863448
19418,-77.24819144,2.845804004
19450,-77.16442919,1.795675611
19455,-76.22960531,3.251825509
19473,-76.62787981,2.753988891
52051,-77.13579797,1.503151191
52079,-78.13651282,1.674062065
19001,-76.63011557,2.451132597
52001,-77.29084473,1.200480473
41244,-75.93806019,2.013330351
41298,-75.6277871,2.19528295
41306,-75.54653958,2.385501894
41319,-75.75746459,2.024682679
41349,-75.4501938,2.582313736
41357,-75.63498554,2.649923685
41359,-76.21569601,1.930160834
41378,-75.97914652,2.198305277
41396,-75.89105899,2.389257725
41016,-75.23997824,3.2223203
41020,-75.31564385,2.522472671
41026,-75.78858799,2.063309953
41078,-75.05440113,3.152561939
41132,-75.32592035,2.684437323
41206,-74.80266878,3.376654513
27250,-77.36494139,4.258122901
76892,-76.49840059,3.533582153
76109,-77.01861312,3.870396219
52565,-77.59742887,1.239096565
52573,-77.50426634,0.885122221
52356,-77.65424188,0.825744099
52585,-77.63678465,0.870632474
52612,-77.9960713,1.213145848
52621,-78.24461962,1.696966208
52683,-77.47164252,1.283976736
52685,-77.04704377,1.514390167
52687,-77.21535351,1.503118556
52693,-77.01267985,1.669115452
52694,-77.12003399,1.552453657
18001,-75.59669379,1.612054318
18029,-75.87861962,1.328973066
18094,-75.87146839,1.420201475
18150,-74.8445975,1.334266125
18205,-75.92032693,1.033598126
18247,-75.28280395,1.678987804
18256,-75.32606788,1.570816881
18410,-75.43611568,1.488259599
18460,-75.50750208,1.29057686
18479,-75.72443582,1.486763717
18592,-75.15782024,1.910100985
18610,-75.97362808,1.331666655
18753,-74.77192286,2.113327292
18756,-75.25332898,0.699095449
18785,-75.62010903,0.872337295
18860,-75.70598461,1.196088042
25053,-74.4147367,4.272628349
25120,-74.48429254,3.984827776
52678,-77.59208102,1.333881628
52838,-77.61781114,1.086611154
52885,-77.40177315,1.115845494
63111,-75.74033922,4.358601723
63130,-75.64481697,4.52297443
50370,-74.35199454,3.239736574
76001,-76.5352769,3.410248055
76364,-76.53946097,3.260308756
76233,-76.68919199,3.657373773
76377,-76.56811753,3.647104597
76606,-76.52078772,3.825358642
76869,-76.44193039,3.698848748
76126,-76.48587448,3.933888509
25307,-74.78500447,4.315227222
25612,-74.77301626,4.282353046
76616,-76.2883563,4.157119017
76890,-76.38308517,3.860632017
76100,-76.18487178,4.338629455
76828,-76.31873669,4.212168239
76250,-76.23726872,4.509827977
76400,-76.10263445,4.534958935
76622,-76.15196101,4.413435044
76863,-76.1995018,4.57574888
76122,-75.83080418,4.335001502
76403,-76.0363512,4.524442904
76736,-75.93135151,4.270592054
76895,-76.0714431,4.390562423
76111,-76.29283936,3.918217865
76834,-76.20470226,4.098555326
76036,-76.16632724,4.174835975
76113,-76.15720256,4.208586752
76670,-76.22918036,3.994555405
76520,-76.30737278,3.544449802
76130,-76.34767725,3.409275183
76248,-76.31202989,3.684870937
76275,-76.23392174,3.323801402
76306,-76.26827541,3.724545373
76318,-76.33346312,3.761920726
76563,-76.24097972,3.419344829
25743,-74.40580436,4.381539827
25290,-74.36835292,4.345324475
25324,-74.7903047,4.518134262
25368,-74.69465848,4.562431622
25805,-74.45273877,4.347745729
25815,-74.63678597,4.460407202
25001,-74.66953596,4.375848922
25035,-74.53068069,4.56299689
25312,-74.35076067,4.519640826
25483,-74.82673728,4.39919216
25488,-74.62024144,4.306763261
25506,-74.47772876,4.089165708
25524,-74.48687773,4.190772977
25535,-74.30237947,4.308742481
25599,-74.59380326,4.52047868
25649,-74.4229958,4.179441736
25878,-74.52290962,4.440485088
41001,-75.29114114,2.932994187
73001,-75.15149663,4.406443956
63001,-75.65913146,4.54991247
52835,-78.74146779,1.817633024
19100,-76.96670604,1.837518012
19110,-76.64276806,3.015133628
19130,-76.57032221,2.622972985
19137,-76.48461594,2.7974303
19142,-76.40840933,3.033082524
19212,-76.26003522,3.173978763
19256,-76.81075057,2.45218376
19290,-77.07270467,1.682993783
19318,-77.8856127,2.570660343
19513,-76.31342291,3.22352047
19517,-75.97240907,2.645087449
19532,-76.98231195,2.11717631
19533,-76.27766059,1.106315221
19548,-76.52857224,2.638417192
19573,-76.41556658,3.227262108
19585,-76.49686076,2.342537808
19622,-76.74020827,2.262415063
19693,-76.76978278,1.838630236
19698,-76.48461147,3.011069572
19701,-76.57377772,1.702974184
19743,-76.37843993,2.611507642
19760,-76.61395595,2.255215562
19780,-76.69500094,2.954433455
19785,-76.92525095,2.038351287
19807,-76.68317865,2.350475698
19809,-77.66819915,2.777236301
19821,-76.2700407,2.954566538
19824,-76.40279156,2.509499776
19845,-76.45884622,3.173423902
41791,-75.82435105,2.111387167
41797,-75.72738961,2.485836919
41799,-75.13899165,3.067573035
41801,-75.56767098,2.741175567
41807,-75.93229976,1.974228287
41872,-75.21808147,3.219217123
41885,-75.51824051,2.664716428
41006,-75.88839357,1.805464831
41013,-75.77165343,2.258758434
41548,-75.804675,2.266877926
41551,-76.04921834,1.853010381
41615,-75.25843841,2.777899318
41660,-76.04526802,1.993127133
52019,-77.08121438,1.473900561
52022,-77.70033514,0.882218625
52036,-77.51456679,1.262419775
41483,-75.8089956,2.545725329
41503,-75.99519911,2.025490916
41518,-75.77381966,2.449957173
41524,-75.43416257,2.886813591
41530,-76.13297473,1.723443516
41668,-76.27007067,1.879911641
41676,-75.58661009,2.9389875
41770,-75.79461293,1.976866037
52110,-77.15641849,1.38472601
52203,-77.01970668,1.643958171
52207,-77.465976,1.20721755
52210,-77.54989127,0.910935671
52215,-77.51793579,0.853486374
52224,-77.72965272,0.863020184
52227,-77.79201999,0.906233661
52233,-77.57837924,1.647639493
52240,-77.28521697,1.375742304
52250,-78.11078128,2.478002829
52254,-77.4397887,1.45360072
52256,-77.33508874,1.743167441
52258,-77.09730164,1.427253877
52260,-77.39070472,1.407949861
52287,-77.44933409,1.001090744
52317,-77.7316254,0.960341972
52320,-77.54983451,1.130627655
52323,-77.56857183,0.919256362
52352,-77.52135525,0.968467099
52354,-77.49651826,1.055154635
52378,-76.97127564,1.600581484
52381,-77.40228478,1.297597199
52385,-77.57995163,1.472891149
52390,-78.19014432,2.399200239
52083,-77.01624089,1.59560228
52399,-77.13061671,1.598961296
52405,-77.30300352,1.93545478
52411,-77.52350795,1.351095828
52418,-77.52103874,1.494173041
52427,-78.18424623,1.766101492
52435,-77.8646133,1.14081759
52473,-78.45130408,2.509204973
52490,-78.32672987,2.348459251
52506,-77.56603016,1.058501059
52520,-78.65815889,2.03987219
52540,-77.45989445,1.628460248
52560,-77.5724836,0.806717189
52696,-77.9798522,2.450728884
52699,-77.6772494,1.221617473
52720,-77.62093636,1.037684345
52786,-77.28069475,1.570084377
52788,-77.39439622,1.094502616
52480,-77.3581187,1.289509773
86568,-76.49781268,0.50417661
63212,-75.68744921,4.392830917
63302,-75.79002685,4.206553134
63401,-75.78706668,4.453159884
63470,-75.75041638,4.565758526
63548,-75.70318273,4.334447832
73024,-74.93264376,3.39178072
73026,-74.95417882,4.567335816
73067,-75.38240686,3.591132652
73124,-75.43082055,4.439497212
73148,-74.71720047,4.150573808
73168,-75.48087448,3.723983333
73200,-74.8977117,4.285881334
19022,-76.85487267,1.914230494
19050,-77.2490143,2.255507382
19075,-77.21648454,2.041352148
73217,-75.19410502,3.798452204
73226,-74.69237039,4.060242157
73236,-74.89676225,3.539184743
73268,-74.88448075,4.150308528
73275,-74.81786143,4.277842434
73319,-74.97148095,4.029950385
73352,-74.53191245,4.17626096
73449,-74.64518941,4.204011856
73483,-75.09298529,3.624759543
73504,-75.22076272,3.935029466
73547,-74.87810808,4.543579976
73555,-75.64382411,3.197179978
73563,-74.92756913,3.750751129
73585,-74.93083726,3.858175719
73616,-75.64463325,3.530170157
73622,-75.60611066,4.011184578
73624,-75.2406649,4.239454647
73671,-75.01733795,3.929749857
73675,-75.47934695,3.914389148
73678,-75.09526131,4.132992695
73770,-74.83183366,4.047478307
73854,-75.11557006,4.19746205
73873,-74.60055125,3.937119922
86001,-76.64995628,1.150325171
86219,-76.97250614,1.18953054
86320,-76.88057285,0.677513665
86569,-76.60442607,0.684157306
86571,-76.40799064,0.963488079
86749,-76.92095562,1.203117616
86755,-76.87585338,1.176698941
86757,-76.93019461,0.276474836
86760,-77.00247232,1.146531255
86865,-76.90470759,0.423350327
86885,-76.61677569,1.02990947
97001,-70.23362305,1.254060702
97161,-71.29583389,1.012103616
50287,-73.61955945,3.462214362
50400,-74.02472991,3.526079627
50251,-73.79425702,3.563881546
50313,-73.70627749,3.544874225
50680,-73.24154225,3.710369274
50689,-73.69597915,3.701613502
50270,-73.83516911,3.739131544
50223,-73.83848709,3.794158472
50150,-73.68902144,3.82748251
50318,-73.77083737,3.879885131
91536,-71.75460172,-2.149537923
97666,-69.63403372,-0.56467446
25740,-74.25757291,4.49129757
94343,-69.81507388,3.494365009
94883,-67.07953782,1.898553404
94886,-67.4125554,3.526136619
94001,-67.92386589,3.867934176
25151,-73.94658443,4.403667486
25178,-74.04460891,4.442532263
25181,-73.92268602,4.528358057
50350,-73.78691359,2.182113956
50450,-72.75710138,2.623799012
50325,-72.13325166,2.892011286
50590,-73.20748882,2.941654469
50711,-73.75128309,3.12771952
50577,-73.37256465,3.271892128
50683,-73.87499562,3.37228525
50330,-74.04437194,3.382246905
50006,-73.76780937,3.990343882
50573,-72.95586872,4.092860555
50001,-73.65055075,4.111799377
50606,-73.56348624,4.261174757
50226,-73.48615275,4.268788883
50124,-72.79275183,4.285091091
50568,-72.08296467,4.312038456
50245,-73.71346523,4.352173288
50686,-73.67627447,4.458193807
50110,-72.96546299,4.567446679
25754,-74.22417846,4.56268246
25335,-73.81704211,4.217072057
25339,-74.00315011,4.255454591
25438,-73.3501414,4.508022687
25279,-73.89292051,4.485728461
25281,-73.93930566,4.338738028
25530,-73.21230213,4.375004374
25594,-73.86294541,4.329848086
25841,-73.9341846,4.483791064
25845,-74.02519387,4.402564723
91001,-69.94550213,-4.203203892
91540,-70.35643753,-3.789898495
91798,-69.74161524,-2.891357241
91263,-73.20927867,-1.74708168
91530,-74.01433125,-1.005488913
91405,-72.78920811,-1.443690917
91407,-69.57839951,-1.322435781
91669,-72.38325603,-0.622290435
99773,-69.79855397,4.444511544
95001,-72.63827352,2.566984746
95015,-72.6549567,1.958593541
95025,-72.62797003,2.330805259
95200,-71.95125353,1.336803343
5873,-76.89637517,6.588734326
27075,-77.40379934,6.224409281
27077,-77.36601204,4.953454213
27099,-76.89511656,6.568944429
27135,-76.72724289,5.335328467
27160,-76.60859157,5.371869757
27205,-76.65041938,5.091332849
27361,-76.686044,5.153281441
27413,-76.54254846,5.499904234
27425,-76.78118809,5.994316213
27430,-77.05220932,5.050773304
27491,-76.60709069,4.956037283
27495,-77.266578,5.708557739
27580,-76.47236056,5.185409754
27001,-76.65069683,5.68418034
27025,-76.97466051,5.516077312
27050,-76.63609193,5.530768033
27073,-76.41598377,5.411658353
27600,-76.73926741,5.48338233
27745,-76.64409966,4.653165974
27787,-76.55894668,5.264411843
27810,-76.6293712,5.281265958
27450,-76.69555192,5.09655112
5284,-76.13125145,6.775527538
5004,-76.06478052,6.633806054
5847,-76.13226736,6.313944318
5001,-75.55169559,6.290507178
5360,-75.6284342,6.166018912
5266,-75.57280089,6.16876664
5088,-75.54449207,6.327056194
5628,-75.81419437,6.853476619
5138,-76.02459384,6.7498225
5113,-75.90686402,6.720698487
5306,-75.95154564,6.679573612
5042,-75.82666299,6.559037503
5125,-75.98418058,6.405730995
5044,-75.85374181,6.30217365
5093,-75.98421753,6.109033669
5631,-75.61538614,6.151332188
5380,-75.637965,6.156572683
5129,-75.63490246,6.092840285
5607,-75.50231331,6.06127756
5615,-75.37610117,6.145669983
5656,-75.72784549,6.443007816
5664,-75.56067241,6.461263848
5308,-75.44372946,6.379288405
5212,-75.50269503,6.358294328
5079,-75.33241579,6.439001139
5318,-75.44135909,6.277592591
5674,-75.33268536,6.285663578
5440,-75.33821858,6.173509976
5148,-75.33417548,6.083301125
5240,-75.76690502,6.327203672
5347,-75.734813,6.205977129
5059,-75.78703368,6.156214009
5036,-75.71136162,6.112895684
17001,-75.4877286,5.069720207
17873,-75.50356634,5.03985157
17380,-74.66830936,5.450650836
5809,-75.79239368,6.061704567
5030,-75.70178907,6.03577806
5209,-75.90837859,6.045976017
5353,-75.90726434,5.799308445
5101,-76.02281987,5.851010626
5642,-75.97649099,5.963568209
5576,-75.83918574,5.793330494
5091,-75.97920077,5.747324698
5368,-75.78513302,5.790652033
5789,-75.71424703,5.665121894
5856,-75.62474071,5.614643998
5145,-75.64535677,5.549040505
5364,-75.8202205,5.597688367
5034,-75.87927689,5.656830074
27245,-76.14211252,5.899954387
66383,-76.00321584,5.003315411
66400,-75.87833336,4.897968001
66440,-75.73853686,4.936612043
66456,-75.8821794,5.297456389
66572,-76.03082227,5.222035967
66594,-75.73073817,5.341134533
66682,-75.62409729,4.876450014
66687,-75.96422752,5.074594035
66001,-75.70034731,4.81599777
63190,-75.63585223,4.617276689
5376,-75.42800444,6.02974481
5400,-75.36060174,5.974297396
5002,-75.42894684,5.789485664
5467,-75.5237806,5.946508875
5679,-75.56793348,5.876009831
5390,-75.60582248,5.741974391
5282,-75.67437093,5.927671718
5756,-75.31032889,5.712734274
5652,-75.10188053,5.964118617
5055,-75.14274246,5.731507552
5483,-75.17494738,5.61094056
5697,-75.26543605,6.137060301
5197,-75.18563934,6.057835407
5660,-74.99442095,6.042811908
5649,-74.9930307,6.18792239
5313,-75.18386151,6.138867912
5541,-75.21238785,6.221623548
5321,-75.15874462,6.231778178
5667,-75.02827793,6.293895422
5021,-75.14135114,6.375878751
5206,-75.25758512,6.394170607
5658,-75.68411071,6.849684997
5086,-75.66686453,6.605379834
5264,-75.51718299,6.566594343
5761,-75.74583399,6.500835554
5501,-75.81220135,6.626591376
5411,-75.81219335,6.67777618
5038,-75.33497692,6.885310433
5315,-75.23974978,6.815001107
5310,-75.22172156,6.683982522
5150,-75.28363764,6.725931925
5686,-75.4601084,6.645116599
5237,-75.3941233,6.485830012
5858,-74.79816211,6.768610691
5885,-74.84152009,6.668661608
5890,-75.01384149,6.595323579
5670,-75.01951416,6.485600845
5690,-75.16519931,6.472469915
5190,-75.08673716,6.538872229
5579,-74.40713862,6.483691814
5585,-74.58344789,6.186479089
5591,-74.63881093,5.88453039
5142,-74.75762934,6.41024012
5425,-74.78804458,6.552992404
27660,-76.23431577,4.896163107
13052,-75.34732037,10.25364066
13062,-75.01932119,10.25027313
13188,-74.64553649,9.275370411
13212,-74.82751879,9.586609582
13222,-75.32567494,10.56767204
13244,-75.12140834,9.717671805
13248,-74.97537492,10.03109728
8001,-74.83103232,10.93013434
47707,-74.56756617,9.322573774
8675,-74.96004237,10.32437171
70418,-75.26815731,9.380172958
70742,-75.14668879,9.244449411
25040,-74.46379302,4.761660857
25086,-74.74124367,4.802678271
25095,-74.53970994,4.872035063
25099,-74.34442266,4.737487276
25123,-74.43596488,4.730928717
25148,-74.49099552,5.348088425
25168,-74.59365614,4.948932495
15572,-74.58247571,5.974704994
17013,-75.45426051,5.610538262
17042,-75.7840205,5.238019498
17050,-75.49077517,5.271496649
17088,-75.80435504,4.993507785
17174,-75.60719238,4.986369906
17272,-75.56230685,5.29729663
17388,-75.54578014,5.39697953
17433,-75.15235936,5.256257821
17442,-75.60075777,5.474501692
17444,-75.05305406,5.299451768
17446,-75.25986063,5.284233415
17486,-75.51979357,5.166362716
17495,-74.88920678,5.575224069
17513,-75.46003448,5.528633072
17524,-75.62286358,5.018665566
17541,-75.15932036,5.383665952
17614,-75.70234275,5.423900882
17616,-75.76799047,5.163520264
17653,-75.48737438,5.404215588
17662,-74.99240666,5.413022156
17665,-75.7916743,5.082588846
17777,-75.64945779,5.446022945
17867,-74.91117698,5.317426972
17877,-75.87053056,5.062809489
76054,-76.1209964,4.726956604
76246,-76.22161412,4.760879685
76823,-76.07795851,4.608657572
76147,-75.91231443,4.730929701
76041,-75.99294325,4.794328702
76243,-76.04127464,4.909778485
76020,-75.77989223,4.674010892
76845,-75.73875491,4.702809111
66170,-75.68183275,4.83694528
66075,-75.95847399,4.949378451
66088,-75.86851938,5.200764545
66318,-75.7990847,5.315843652
66045,-75.94164672,5.106370173
25269,-74.35306195,4.818179697
25320,-74.60344485,5.07243742
25328,-74.46736127,4.877941091
25386,-74.46127226,4.631284576
25394,-74.39093944,5.35891484
25398,-74.3941043,5.198824528
25402,-74.33738648,4.997826878
25797,-74.38933519,4.655348037
25019,-74.43831345,4.877954669
25489,-74.38664001,5.125521094
25491,-74.37894298,5.069574157
25572,-74.65422169,5.465015206
25580,-74.71422676,4.681872028
25592,-74.47994297,5.118184247
25596,-74.53346339,4.744733793
25645,-74.35182797,4.616074284
25662,-74.62166702,4.847248655
25718,-74.43297488,4.962064884
25823,-74.30190415,5.335767773
25851,-74.48355695,5.190846902
25862,-74.34549553,5.118071208
25867,-74.56135937,4.874904767
25875,-74.47292019,5.009379077
25885,-74.33845528,5.459489351
25898,-74.37984588,4.75985086
63272,-75.65805016,4.675005791
63594,-75.76354813,4.624497403
63690,-75.57061556,4.637509581
73030,-74.76460618,4.783610594
73043,-75.09418604,4.631237416
73055,-74.88428865,5.029919405
73152,-75.12039204,5.078845921
73270,-74.95178819,5.120065758
73283,-75.03622049,5.153536142
73347,-75.17825014,5.079893869
73349,-74.7559185,5.211243303
73408,-74.91164241,4.861204324
73411,-75.06140381,4.920296916
73443,-74.88948379,5.200213462
73461,-75.17073475,4.874573295
73520,-75.02336869,5.120428692
73686,-75.09751431,4.714043282
73861,-74.92938773,4.716760823
73870,-75.11748376,5.030221012
5792,-75.82281886,5.864785543
5861,-75.73501644,5.964078184
5490,-76.79023497,8.436004983
5659,-76.52862445,8.758877905
5051,-76.42679367,8.850045629
5665,-76.37935343,8.275998623
5837,-76.73182463,8.089931317
5147,-76.65398259,7.755033954
5172,-76.67722839,7.665894884
5480,-76.43673367,7.243905338
5234,-76.26302275,6.999970469
5475,-76.82001448,6.97690794
5045,-76.62101401,7.883042518
27006,-77.27864477,8.510887467
27800,-77.09426424,8.045985795
27372,-77.76247299,7.102862778
23419,-76.3547035,8.905709149
23574,-76.26145303,9.003732725
27150,-76.971915,7.156152093
27615,-77.11288502,7.436059326
5543,-75.90869987,7.022042943
13006,-74.55549743,8.567818623
70265,-74.53734053,8.46829523
5854,-75.43954175,7.163299124
5134,-75.29931988,6.980419787
5887,-75.41961267,6.965518675
5647,-75.67549664,6.917449402
5819,-75.69219489,7.010284982
5107,-75.55074301,7.112457183
5361,-75.76419575,7.171566314
5154,-75.19771712,7.978563037
5495,-74.77680312,8.088037103
5250,-74.80598906,7.599497821
5895,-74.86799231,7.488092803
5120,-75.35288694,7.574391214
5790,-75.40056881,7.579863914
5736,-74.69930219,7.079861184
5604,-74.69419557,7.029446297
5040,-75.14807891,7.078182895
70708,-75.1306696,8.6617696
70124,-75.11599691,8.788970162
70233,-75.19398572,9.107043515
70235,-75.04935157,9.159770337
70400,-75.28202587,8.853796416
70429,-74.62834968,8.541802327
70670,-75.37919792,9.182403533
70678,-75.03138185,8.92988959
70771,-74.72323247,8.814039859
13458,-74.47391398,8.295590733
13549,-74.46187997,8.914748587
13655,-74.72232369,8.249633706
23068,-75.14701974,8.311090964
23079,-75.48200462,8.222242499
23090,-76.24077487,8.787552693
23162,-75.79240745,8.885295866
23182,-75.40029562,9.105932134
23189,-75.62212674,8.878135724
23350,-75.33469117,8.047766699
23466,-75.41849058,7.977876187
23555,-75.58420523,8.407985084
23570,-75.50819029,8.502612723
23580,-75.67203028,7.8892301
23660,-75.4455166,8.943510473
23678,-75.69904603,8.799176792
23686,-75.83553814,8.95814737
23807,-76.06018699,8.171880414
23855,-76.14992425,8.257214903
23001,-75.89843407,8.759480009
23670,-75.50871705,9.145182708
23168,-75.62853508,9.149406274
23300,-75.7911881,9.038850171
23682,-75.53488477,7.78692706
23815,-75.55516684,9.186501741
88001,-81.70720079,12.57992492
88564,-81.36642922,13.37485295
13873,-75.2758015,10.44420605
13894,-74.8190171,9.747499258
13430,-74.76981717,9.247280943
13836,-75.42156987,10.33923049
13620,-75.0646595,10.3938805
13140,-74.91573561,10.25109223
70001,-75.40768352,9.308844628
70110,-74.97388047,9.319648651
70204,-75.35611072,9.490997576
70221,-75.66613605,9.405849809
70230,-75.31281692,9.545852746
70473,-75.30783863,9.332256034
70508,-75.22882749,9.525983167
70523,-75.54120728,9.333144678
70702,-75.24317184,9.274557846
70713,-75.5237674,9.736898368
70717,-75.06379486,9.396056328
70820,-75.58182659,9.530976311
70823,-75.43968714,9.453223237
70215,-75.29373782,9.318952103
47205,-74.82894871,10.25616571
47258,-74.82319825,10.40310952
47460,-74.39206432,9.806141936
47541,-74.91512662,10.18784042
47545,-74.45770422,9.331662875
47551,-74.61536303,10.46134181
47555,-74.7834136,9.792811112
47605,-74.71652082,10.70184958
47675,-74.79316949,10.49004644
47692,-74.3514208,9.240736694
47703,-74.49900295,9.244525066
47720,-74.70536267,9.431614808
47745,-74.72311565,10.78080877
47798,-74.85760644,9.89826555
47960,-74.71711233,10.16935015
13001,-75.50108744,10.35939031
13433,-75.19068683,10.23317565
13442,-75.30181075,9.983858716
13468,-74.42553849,9.240598513
13647,-75.15278299,10.39880967
13654,-75.12175258,9.830728069
13657,-75.08362438,9.951340087
13673,-75.28728195,10.60477043
13683,-75.36957576,10.44509322
13760,-75.13546903,10.39045021
13780,-74.56785295,9.303987286
13838,-75.44187336,10.27366058
47161,-74.8687568,10.32643329
47170,-74.62478481,10.02907589
23417,-75.8169036,9.240243523
23500,-76.1297061,9.246339042
23586,-75.72256356,9.238091566
23672,-75.76066992,9.375088658
23675,-75.95408158,9.353893004
8078,-74.916377,10.79337278
8137,-74.88124052,10.37862464
8141,-74.88004207,10.4606553
8296,-74.88374732,10.90277604
8758,-74.76555696,10.91327107
8372,-75.03981542,10.83177696
8421,-75.14244519,10.61060424
23464,-75.67669511,9.239982386
25899,-73.9854321,5.03025857
68377,-73.96500846,5.859268011
68773,-73.79152169,5.918479002
25781,-73.85306634,5.24735025
68861,-73.67281214,6.008044472
68327,-73.57394825,6.025307358
68179,-73.63742401,6.061735987
68770,-73.44269803,6.098340716
68673,-73.50952713,6.126648033
68264,-73.09934486,6.138202368
68013,-73.5223764,6.161727039
8433,-74.78260451,10.87289719
8436,-74.95984648,10.44818039
8549,-75.10759383,10.75031804
8558,-74.85349591,10.77752996
8520,-74.75379755,10.74048162
8560,-74.7529667,10.64185694
8573,-74.95090172,10.99729594
8606,-75.12429908,10.49451467
8634,-74.75659102,10.79036843
8638,-74.92244303,10.62779704
8685,-74.75569109,10.76020479
8832,-74.97800649,10.87360333
8770,-74.88033092,10.33404361
8849,-74.9765506,10.74241583
68397,-73.58963205,6.178568783
68385,-73.80915266,6.219377949
68245,-73.497028,6.245335106
68320,-73.41901635,6.24608589
68500,-73.30044028,6.267493588
68344,-73.30831758,6.543744518
68679,-73.13607839,6.554290611
68686,-72.64537608,6.576208065
68121,-73.24658975,6.591719143
68229,-73.06885213,6.604936416
68152,-72.62645021,6.626725457
68207,-72.69431466,6.768962299
68669,-72.84887567,6.812508047
68895,-73.27138398,6.813865819
68296,-73.28747946,6.63941305
68079,-73.22308602,6.636246377
68573,-74.0563484,6.651372037
68684,-72.73342205,6.658656194
25175,-74.05767135,4.854823946
68101,-73.77096641,5.986857699
68250,-73.81438542,6.056581744
15218,-72.73903557,6.500261954
85001,-72.39683123,5.321421802
85010,-72.55263073,5.169958568
85015,-72.86996672,5.214081969
85162,-72.89389473,4.877629436
85279,-72.76095453,5.229123419
85300,-73.03918825,4.85336694
85410,-72.74902288,5.014123309
85440,-72.92691543,4.61079119
68020,-73.91413709,5.758987772
68271,-73.97102037,5.804936085
68368,-73.78283728,5.876518353
68572,-73.67756339,5.878177995
68298,-73.34376331,5.945767119
68077,-73.61613353,5.932577475
68324,-73.70069384,5.955048351
68167,-73.14645309,6.285791734
68217,-73.0405508,6.295493364
68211,-73.47444005,6.29045126
68322,-73.32095499,6.308377296
68190,-73.94969707,6.314510325
68720,-73.61633038,6.338689574
68498,-73.12233318,6.340056424
68176,-73.37316682,6.34197499
68502,-72.8124448,6.343873581
68209,-73.24115287,6.35696025
68524,-73.28799851,6.40591869
68533,-73.17015989,6.41663363
68682,-72.86774575,6.427538577
68745,-73.33743571,6.443474922
68855,-73.14362249,6.448000288
68755,-73.26159732,6.462485963
68464,-72.97049617,6.475337707
68425,-72.5933274,6.506757259
68549,-73.17268485,6.532574101
68147,-72.69543501,6.526752262
68522,-73.2912739,6.538262634
68266,-72.70013298,6.669719595
68468,-72.80891128,6.674323479
68872,-73.17437088,6.669364585
68051,-73.01762164,6.694472503
68235,-73.51158478,6.698658719
68432,-72.72952657,6.703321758
68370,-73.09603912,6.732333966
68160,-72.97464565,6.753462325
68418,-73.10204348,6.755878666
25126,-74.02364951,4.920874713
25154,-73.90132818,5.349218726
25183,-73.68343129,5.145380897
25200,-73.97831816,5.061789131
25214,-74.10243653,4.809081779
25224,-73.76626641,5.249943647
68162,-72.69531355,6.841373838
68318,-72.85578015,6.876049979
68689,-73.4114878,6.87875071
15180,-72.50017174,6.552999687
15244,-72.4450722,6.409235422
15248,-72.49635968,6.482601865
15317,-72.50063794,6.459700438
15332,-72.41209606,6.462917237
15522,-72.45915798,6.443283694
15673,-72.55498155,6.401822163
15097,-72.58481457,6.33066519
15183,-72.47134654,6.187242522
15368,-72.57036996,6.146043406
15403,-72.55947697,6.316781718
15720,-72.70816845,6.131319078
15723,-72.71222376,6.09347405
15753,-72.68346126,6.333312091
15774,-72.68982915,6.230761117
15810,-72.69229422,6.419572041
15377,-72.57825461,5.562567443
15533,-72.4223571,5.626372822
15550,-72.48277137,5.723445677
15755,-72.63654923,6.040831593
15047,-72.88439748,5.518289414
15087,-72.91129945,5.988321352
15092,-72.80904475,5.91046537
15114,-72.88407565,5.830130214
15162,-72.94776596,5.955961021
15215,-72.84449154,5.828365249
15226,-72.96617617,5.580244263
15272,-72.99376776,5.669102113
15276,-72.91845123,5.859765791
15296,-72.80557111,5.802370121
15362,-72.98021686,5.613927962
15464,-72.80024988,5.752811642
15466,-72.84892534,5.723342778
15491,-72.93731397,5.768064996
15518,-72.7026126,5.293776161
15537,-72.74861207,5.987491614
15693,-72.98243259,5.874722106
15757,-72.69162768,5.996930903
15759,-72.91949819,5.736554666
15790,-72.78116164,5.909962604
15806,-72.99969274,5.74713654
15820,-72.83162214,5.769325343
15822,-72.9858353,5.560470054
15839,-72.85639178,6.032460654
15051,-73.43703416,5.754497031
15185,-73.44690349,6.027363064
15187,-73.28246831,5.558688679
15204,-73.3238934,5.634316731
15224,-73.45459221,5.543020261
15232,-73.484932,5.605299316
15293,-73.5493682,5.751952757
15407,-73.52650486,5.636223943
15469,-73.57374662,5.876958223
15476,-73.36771044,5.577524667
15500,-73.30816805,5.594396812
15516,-73.11630113,5.780320016
15542,-73.05093915,5.55842835
15600,-73.63234316,5.538720905
15638,-73.54249386,5.582920177
15664,-73.546225,6.018779185
15686,-73.48217823,6.057456442
15696,-73.60265821,5.713547935
15762,-73.44993495,5.566816169
15763,-73.24727584,5.765149897
15776,-73.62061781,5.620127617
15808,-73.64720365,5.579002753
15814,-73.1845674,5.56539974
15816,-73.51362365,5.93753224
15837,-73.22824052,5.690066604
15106,-73.92336076,5.69014989
15109,-73.94260977,5.512833526
15131,-73.86536708,5.554452858
15176,-73.81766214,5.61548086
15212,-74.04509396,5.475376516
15401,-74.23466234,5.523503641
15442,-74.00463214,5.549652291
15480,-74.10296862,5.531964684
15507,-74.18133975,5.65794181
15531,-73.97863894,5.656522049
15580,-74.18126551,5.522934658
15632,-73.76464867,5.69817214
15676,-73.72204803,5.517712577
15681,-74.0666505,5.6590036
15832,-73.93309172,5.730394009
15090,-73.12691551,5.227129353
15104,-73.36207915,5.454534701
15172,-73.36868282,5.167394685
15189,-73.29602291,5.409406739
15455,-73.14491413,5.195922888
15494,-73.45712029,5.355047311
15599,-73.33551788,5.401157966
15621,-73.20864648,5.357015111
15646,-73.48602365,5.492608452
15660,-73.07738338,5.224253487
15740,-73.24523944,5.510999853
15764,-73.33286729,5.50106551
15804,-73.39679786,5.316164142
15835,-73.4913043,5.323436429
15842,-73.45693733,5.217610591
15861,-73.52068664,5.369230497
15879,-73.29671645,5.43668792
15897,-73.17208126,5.284324706
15022,-73.37874014,4.970507053
15135,-73.10357029,5.030605245
15236,-73.36862893,4.888187404
15299,-73.36482131,5.082274903
15322,-73.47199365,5.007075429
15325,-73.4901748,4.966796959
15380,-73.44506564,5.095536483
15425,-73.31957575,4.97219326
15511,-73.39737718,5.140019986
15514,-73.05205171,5.100635999
15667,-73.16888461,4.818710958
15690,-73.26327131,4.857606035
15761,-73.43335065,4.985836396
15778,-73.45210219,5.023219821
15798,-73.42168824,5.076913224
15001,-73.34575318,5.559139078
25317,-73.68695193,5.383571834
25322,-73.87741495,4.867283126
25326,-73.83295886,4.934985422
25372,-73.66288377,4.790632429
25377,-73.96811169,4.721701557
25407,-73.71150163,5.306007646
25426,-73.60834435,5.080241899
25430,-74.26517055,4.732704064
25436,-73.54052636,5.009176179
25745,-73.85015892,5.504762348
25758,-73.94205332,4.914171363
25769,-74.17254135,4.929070047
25772,-73.79841923,5.103416695
25777,-74.23586383,5.061763315
25779,-73.81402122,5.454968667
25785,-74.09698633,4.91772426
25793,-73.88592881,5.196339787
25799,-74.14346458,4.871716856
25807,-73.5047096,5.052423675
25288,-73.79586652,5.40398634
25293,-73.52052723,4.69298604
25295,-73.87297695,4.991029546
25297,-73.63631295,4.816441558
25299,-73.61079713,4.762586822
25486,-73.87894971,5.067571658
25513,-74.15525786,5.13596654
25518,-74.15283365,5.370770437
25653,-74.02327424,5.333231567
25736,-73.79679364,5.045174568
25817,-73.91175282,4.96439641
25839,-73.53231882,4.748181284
25843,-73.81451032,5.307456006
25871,-74.19519332,5.273133415
25873,-73.59686939,5.214792375
25260,-74.26297998,4.850799909
25473,-74.21637904,4.707668162
25286,-74.2074366,4.713789974
15238,-73.02466986,5.812641562
15367,-73.36432039,5.385015974
85125,-71.76465442,6.156372523
85136,-72.33400493,6.127803743
85139,-72.28077915,4.817409652
85225,-72.19542083,5.637105727
85230,-71.33846604,4.790188347
85250,-71.89176141,5.881380243
85263,-71.99246912,5.726814379
85315,-72.24945428,6.097128776
85325,-71.73109786,5.422211244
85400,-72.16296774,5.830030709
85430,-71.66281054,5.411006583
81591,-71.09989964,6.281080721
81794,-71.74168096,6.457289009
81300,-71.77201448,6.793997366
99624,-70.86294305,5.135710777
99524,-70.4130261,5.491224958
54001,-72.53453822,7.90277019
68575,-73.89925224,7.345289703
68780,-72.9845202,7.366586359
68655,-73.49930671,7.394304708
68255,-73.20316752,7.47068626
13030,-74.16523918,8.792437364
13042,-73.94182144,8.457820715
13074,-74.10623492,8.945985666
13160,-73.91907057,7.377453388
13268,-73.94980671,8.989082359
13300,-74.07745172,8.956636062
68276,-73.11175383,7.064556147
68001,-73.12489706,7.083538906
5893,-73.91041788,7.002793661
54003,-73.22146438,8.081216563
54051,-72.79879896,7.642865323
54099,-72.64706068,7.612684073
54109,-72.86696235,8.039453108
54125,-72.64221389,7.268558519
54128,-73.04853769,7.74186687
54172,-72.60210761,7.602040277
54174,-72.66483836,7.138536619
54206,-73.33724034,8.470012435
54223,-72.77242215,7.539455665
54239,-72.65727279,7.714642027
54245,-73.44682241,8.510776779
54250,-73.09964158,8.571725051
54261,-72.60407506,7.937976928
54313,-72.79734266,7.887572392
54344,-73.14595104,8.321644777
54347,-72.48333323,7.506276467
54377,-72.49609677,7.298394126
54385,-73.32804872,7.639195433
54398,-73.2377798,8.213755172
54405,-72.50815281,7.833506392
54418,-72.83210514,7.944840879
54480,-72.7468209,7.300118899
54498,-73.35109661,8.234808085
54518,-72.6481591,7.372992988
54520,-72.63847437,7.435856138
54553,-72.40926397,8.361237328
54599,-72.47605295,7.577466107
54660,-72.80881109,7.772714933
54670,-73.20870641,8.401294863
54673,-72.62499872,7.877249715
54680,-72.71649018,7.865433862
54720,-72.80047158,8.082928297
54743,-72.75702615,7.204225025
54800,-73.2870296,8.437250722
54810,-72.73595582,8.639737839
54820,-72.48205987,7.307810313
54871,-72.97296414,7.914378966
54874,-72.473789,7.802661363
47318,-74.22482894,9.144733122
47245,-73.97737406,9.009791962
68547,-73.05149968,6.982801039
68705,-72.90684208,6.990509099
68307,-73.16583793,7.059238888
68081,-73.83140667,7.050971655
68406,-73.2206089,7.114721116
68820,-72.96668871,7.201641521
68615,-73.15047426,7.264616417
68169,-72.96855048,7.280905031
68867,-72.87076774,7.309495901
68444,-73.01609713,7.322827382
68132,-72.94575262,7.348066258
20011,-73.61258706,8.308708357
20295,-73.74087973,8.322858404
20310,-73.38045719,8.390118265
20383,-73.8011083,8.617905881
20517,-73.62510553,8.958184234
20550,-73.6659067,8.687792863
20614,-73.38671743,8.292151431
20710,-73.39447685,7.760120764
20770,-73.51275068,8.0034528
20787,-73.81190281,8.86241462
13473,-73.8679788,8.275795033
13580,-73.82320378,8.665519218
13667,-74.03782404,8.937008772
13670,-73.92461083,7.477479889
13688,-74.05065338,7.963489037
13744,-73.9458727,7.956404768
13810,-74.26479089,8.556435638
13600,-73.84022239,8.588212899
81065,-71.426908,7.028814742
81001,-70.75280516,7.079190303
81736,-71.87461731,6.953332638
15223,-72.10833773,7.001704103
81220,-70.20370178,6.303416457
99001,-67.48859983,6.184197448
20001,-73.27509756,10.47818678
47288,-74.1917241,10.51692241
47268,-74.26870993,10.6111164
47570,-74.28191567,10.99497201
47660,-74.21394998,10.03249513
47980,-74.14038223,10.76365882
47001,-74.20020963,11.20520068
20013,-73.23769205,10.04044276
20032,-73.97477364,9.496407322
20045,-73.27885229,9.702827051
20060,-73.88801088,9.974338005
20175,-73.81299107,9.257828927
20178,-73.60089557,9.361358033
20238,-73.96135039,10.14910229
20250,-73.74644573,9.661834185
20400,-73.33559899,9.562900867
20443,-73.02879172,10.39069391
20570,-73.58569558,10.41765973
20621,-73.17265024,10.3864186
20750,-73.1805616,10.33381239
44035,-72.58869173,11.16272706
44078,-72.79613062,10.95455299
44090,-73.30714685,11.27240466
44098,-72.88634043,10.89657397
44110,-72.92173543,10.65270899
44279,-72.85044737,10.88661103
44378,-72.76139147,11.06736572
44420,-73.07154945,10.51069955
44430,-72.24051696,11.37859375
44560,-72.44107985,11.77013374
44650,-73.00164795,10.77068837
44847,-72.26516155,11.71503378
44855,-73.01332985,10.55995359
44874,-72.97867764,10.60906036
44001,-72.92011074,11.54180708
47030,-74.06033527,10.18761326
47053,-74.18629114,10.59080787
47058,-74.23620938,9.847345868
47189,-74.24150882,11.01172985
25245,-74.44275113,4.578264264
76497,-75.97315432,4.574973995
5842,-76.1730539,6.897634811
5031,-75.07360631,6.906976799
25258,-74.29039381,5.248752351
25658,-74.28972518,4.972434545
13650,-74.3292798,9.216381775
13440,-74.28845871,9.162068057
68092,-73.28394122,6.899292566
20228,-73.54174573,9.201135352
11001,-74.02967768,4.688055983
13490,-74.03757764,8.527730305
